{
  "project_name": "coral",
  "app": {
    "name": "coral",
    "replicas": "2",
    "cpu": "4000m",
    "memory": "8Gi",
    "test": true,
    "ingress": true,
    "env": {
      "dev": {
        "namespace": "coral",
        "hostname": "devcoral.eradahcapital.com"
      },
      "prod": {
        "namespace": "production",
        "hostname": "prodcoral.eradahcapital.com"
      }
    }
  },
  "container_repo": {
    "name": "eradahdvs",
    "host": "eradahdvs.azurecr.io",
    "master_acct": "eradahdvs",
    "alt_acct": "eradahdvs",
    "jenkins_creds_id": "Azure-Container-registry-eradah",
    "repo": "coral",
    "dockeremail": ".",
    "dockerfile": "./",
    "image_scanning": false
  },
  "pipeline": {
    "enabled": true,
    "debug": false,
    "library": {
      "branch": "develop"
    }
  },
  "env": {
    "dev": {
      "credentials": {
        "credentialsId": "Jenkins-ASC-Deployer",
        "subscription": "AZURE_SUBSCRIPTION_ID",
        "clientId": "AZURE_CLIENT_ID",
        "clientSecret": "AZURE_CLIENT_SECRET",
        "tenantId": "AZURE_TENANT_ID"
      }
    },
    "sit": {
      "credentials": {
        "credentialsId": "UAE-SIT-Azure-JenkinsSP",
        "subscription": "TF_VAR_subscription_id_UAESIT",
        "clientId": "TF_VAR_uaeuat_client_id",
        "clientSecret": "TF_VAR_uaeuat_client_secret",
        "tenantId": "TF_VAR_tenant_id"
      }
    },
    "uat": {
      "credentials": {
        "credentialsId": "UAT-Azure-JenkinsSP",
        "subscription": "TF_VAR_subscription_id_UAEUAT",
        "clientId": "TF_VAR_uaeuat_client_id",
        "clientSecret": "TF_VAR_uaeuat_client_secret",
        "tenantId": "TF_VAR_tenant_id"
      }
    },
    "prod": {
      "credentials": {
        "credentialsId": "",
        "clientId": "TF_VAR_uaeuat_client_id",
        "clientSecret": "TF_VAR_uaeuat_client_secret",
        "tenantId": "TF_VAR_tenant_id"
      }
    }
  },
  "arm_access_key_credentialsId": "Azure-Terraform-backend-key-DevOps"
}
