<?xml version="1.0" encoding="utf-8"?>
<databaseChangeLog
        xmlns="http://www.liquibase.org/xml/ns/dbchangelog"
        xmlns:xsi="http://www.w3.org/2001/XMLSchema-instance"
        xsi:schemaLocation="http://www.liquibase.org/xml/ns/dbchangelog http://www.liquibase.org/xml/ns/dbchangelog/dbchangelog-3.6.xsd">

  <changeSet id="20200522173800-1" author="jhipster">
    <createTable tableName="zand_file_attachment"
                 remarks="Table to save files uploaded by Channel users.">

      <column name="id" type="bigint">
        <constraints primaryKey="true" nullable="false"/>
      </column>
      <column name="key" type="${uuidType}">
        <constraints nullable="false" unique="true"/>
      </column>
      <column name="customer_key" type="${uuidType}">
        <constraints nullable="false"/>
      </column>
      <column name="file_name" type="varchar(255)">
        <constraints nullable="false"/>
      </column>
      <column name="file_size" type="bigint">
        <constraints nullable="false"/>
      </column>
      <column name="content_type" type="varchar(255)">
        <constraints nullable="true"/>
      </column>
      <column name="content" type="clob">
        <constraints nullable="true"/>
      </column>
      <column name="uploaded_by" type="varchar(255)">
        <constraints nullable="false"/>
      </column>
      <column name="uploaded_on" type="datetime">
        <constraints nullable="false"/>
      </column>

    </createTable>
  </changeSet>
</databaseChangeLog>
