<?xml version="1.0" encoding="utf-8"?>
<databaseChangeLog
    xmlns="http://www.liquibase.org/xml/ns/dbchangelog"
    xmlns:ext="http://www.liquibase.org/xml/ns/dbchangelog-ext"
    xmlns:xsi="http://www.w3.org/2001/XMLSchema-instance"
    xsi:schemaLocation="http://www.liquibase.org/xml/ns/dbchangelog http://www.liquibase.org/xml/ns/dbchangelog/dbchangelog-3.6.xsd
                        http://www.liquibase.org/xml/ns/dbchangelog-ext http://www.liquibase.org/xml/ns/dbchangelog/dbchangelog-ext.xsd">

    <!--
         Added the entity Approved invoices.
     -->
    <changeSet id="20200515111435-1" author="jhipster">
        <createTable tableName="zand_invoice_queue" remarks="The table that holds all Approved Invoices created by Customers.">
            <column name="id" type="bigint" autoIncrement="${autoIncrement}">
              <constraints primaryKey="true" nullable="false"/>
            </column>
            <column name="reference" type="${uuidType}">
              <constraints nullable="true" />
            </column>
            <column name="drawdown_id" type="bigint">
              <constraints nullable="false" />
            </column>
            <column name="cif_number" type="varchar(255)">
              <constraints nullable="false" />
            </column>
            <column name="customer_name" type="varchar(255)">
              <constraints nullable="false" />
            </column>
            <column name="trade_license_number" type="varchar(255)">
              <constraints nullable="false" />
            </column>
            <column name="invoice_number" type="varchar(255)">
              <constraints nullable="false" />
            </column>
            <column name="value_date" type="date">
              <constraints nullable="true" />
            </column>
            <column name="purpose" type="varchar(255)">
              <constraints nullable="true" />
            </column>
            <column name="invoice_amount" type="decimal(21,2)">
              <constraints nullable="true" />
            </column>
            <column name="invoice_date" type="date">
              <constraints nullable="true" />
            </column>
            <column name="invoice_due_date" type="date">
              <constraints nullable="true" />
            </column>
            <column name="invoice_tenor" type="integer">
              <constraints nullable="true" />
            </column>
            <column name="status" type="varchar(255)">
              <constraints nullable="true" />
            </column>
            <column name="initiator_cif_number" type="varchar(255)">
              <constraints nullable="true" />
            </column>
            <column name="customer_type" type="varchar(255)">
              <constraints nullable="true" />
            </column>
            <column name="created_on" type="datetime">
              <constraints nullable="true" />
            </column>
          <!-- jhipster-needle-liquibase-add-column - JHipster will add columns here, do not remove-->
        </createTable>
    </changeSet>

    <changeSet id="20200515111435-1-relations" author="jhipster">

    </changeSet>

</databaseChangeLog>
