<?xml version="1.0" encoding="utf-8"?>
<databaseChangeLog
        xmlns="http://www.liquibase.org/xml/ns/dbchangelog"
        xmlns:xsi="http://www.w3.org/2001/XMLSchema-instance"
        xsi:schemaLocation="http://www.liquibase.org/xml/ns/dbchangelog http://www.liquibase.org/xml/ns/dbchangelog/dbchangelog-3.6.xsd">

  <changeSet id="20200716131000-1" author="jhipster">
    <createTable tableName="zand_standing_instruction"
                 remarks="The table that holds all Standing Instructions created by Customers.">

      <!-- Required Columns for Channel Transaction data -->
      <column name="id" type="bigint">
        <constraints primaryKey="true" nullable="false"/>
      </column>
      <column name="reference" type="${uuidType}">
        <constraints nullable="false" unique="true"/>
      </column>
      <column name="customer_key" type="${uuidType}">
        <constraints nullable="false"/>
      </column>
      <column name="version" type="bigint">
        <constraints nullable="false"/>
      </column>
      <column name="feature_code" type="varchar(255)">
        <constraints nullable="false"/>
      </column>

      <!-- Columns for Domain Specific Data -->
      <column name="payment_type" type="varchar(255)">
        <constraints nullable="false"/>
      </column>
      <column name="debit_account" type="varchar(255)">
        <constraints nullable="true"/>
      </column>
      <column name="beneficiary_account" type="varchar(255)">
        <constraints nullable="true"/>
      </column>
      <column name="beneficiary_iban" type="varchar(255)">
        <constraints nullable="true" />
      </column>
      <column name="beneficiary_name" type="varchar(255)">
        <constraints nullable="true"/>
      </column>
      <column name="beneficiary_bank_bic" type="varchar(255)">
        <constraints nullable="true"/>
      </column>
      <column name="beneficiary_bank_name" type="varchar(255)">
        <constraints nullable="true"/>
      </column>
      <column name="beneficiary_bank_code" type="varchar(255)">
        <constraints nullable="true"/>
      </column>
      <column name="beneficiary_bank_address" type="varchar(255)">
        <constraints nullable="true"/>
      </column>
      <column name="beneficiary_bank_country_code" type="varchar(2)">
        <constraints nullable="true"/>
      </column>
      <column name="beneficiary_address" type="varchar(255)">
        <constraints nullable="true"/>
      </column>
      <column name="beneficiary_phone" type="varchar(255)">
        <constraints nullable="true"/>
      </column>
      <column name="beneficiary_email" type="varchar(255)">
        <constraints nullable="true"/>
      </column>
      <column name="debit_amount" type="decimal(21,2)">
        <constraints nullable="true"/>
      </column>
      <column name="debit_currency" type="varchar(3)">
        <constraints nullable="true"/>
      </column>
      <column name="payment_amount" type="decimal(21,2)">
        <constraints nullable="true"/>
      </column>
      <column name="payment_currency" type="varchar(3)">
        <constraints nullable="true"/>
      </column>
      <column name="debit_amount_fixed" type="boolean">
        <constraints nullable="true"/>
      </column>
      <column name="charge_bearer" type="varchar(255)">
        <constraints nullable="true"/>
      </column>
      <column name="purpose_code" type="varchar(255)">
        <constraints nullable="true"/>
      </column>
      <column name="remarks" type="varchar(255)">
        <constraints nullable="true"/>
      </column>
      <column name="attachment_name" type="varchar(255)">
        <constraints nullable="true"/>
      </column>
      <column name="attachment_key" type="${uuidType}">
        <constraints nullable="true"/>
      </column>

      <!-- Standing Instruction Recurrence information -->
      <column name="action_type" type="varchar(255)">
        <constraints nullable="true"/>
      </column>
      <column name="title" type="varchar(255)">
        <constraints nullable="true"/>
      </column>
      <column name="frequency_type" type="varchar(255)">
        <constraints nullable="true"/>
      </column>
      <column name="start_date" type="date">
        <constraints nullable="true"/>
      </column>
      <column name="end_date" type="date">
        <constraints nullable="true"/>
      </column>
      <column name="number_of_installments" type="bigint">
        <constraints nullable="true"/>
      </column>
      <column name="payment_interval" type="bigint">
        <constraints nullable="true"/>
      </column>
      <column name="host_reference" type="varchar(255)">
        <constraints nullable="true"/>
      </column>
      <column name="cancel_reason" type="varchar(255)">
        <constraints nullable="true"/>
      </column>

      <!-- Required Columns for Channel Transaction data -->
      <column name="base_currency_amount" type="decimal(21,2)">
        <constraints nullable="false"/>
      </column>
      <column name="status" type="varchar(255)">
        <constraints nullable="false"/>
      </column>
      <column name="reject_reason" type="varchar(255)">
        <constraints nullable="true"/>
      </column>
      <column name="created_by" type="varchar(255)">
        <constraints nullable="false"/>
      </column>
      <column name="created_on" type="datetime">
        <constraints nullable="false"/>
      </column>
      <column name="approved_by" type="varchar(255)">
        <constraints nullable="true"/>
      </column>
      <column name="approved_on" type="datetime">
        <constraints nullable="true"/>
      </column>
      <column name="process_id" type="varchar(255)">
        <constraints nullable="true"/>
      </column>
    </createTable>
  </changeSet>
</databaseChangeLog>
