<?xml version="1.0" encoding="utf-8"?>
<databaseChangeLog
        xmlns="http://www.liquibase.org/xml/ns/dbchangelog"
        xmlns:xsi="http://www.w3.org/2001/XMLSchema-instance"
        xsi:schemaLocation="http://www.liquibase.org/xml/ns/dbchangelog http://www.liquibase.org/xml/ns/dbchangelog/dbchangelog-3.6.xsd">

  <changeSet id="20200507041000-1" author="jhipster">
    <createTable tableName="zand_deposit_deal"
                 remarks="This represents a Deposit Deal created by Bank Treasury.">

      <!-- Required Columns for Channel Record data -->
      <column name="id" type="bigint">
        <constraints primaryKey="true" nullable="false"/>
      </column>
      <column name="reference" type="${uuidType}">
        <constraints nullable="false"/>
      </column>
      <column name="customer_key" type="${uuidType}">
        <constraints nullable="false"/>
      </column>
      <column name="version" type="bigint">
        <constraints nullable="true"/>
      </column>

      <!-- Columns for Domain Specific Data -->
      <column name="product_id" type="varchar(255)">
        <constraints nullable="false"/>
      </column>
      <column name="nominated_account" type="varchar(255)">
        <constraints nullable="false"/>
      </column>
      <column name="amount" type="decimal(21,2)">
        <constraints nullable="false"/>
      </column>
      <column name="currency" type="varchar(255)">
        <constraints nullable="false"/>
      </column>
      <column name="number_of_days" type="bigint">
        <constraints nullable="false"/>
      </column>
      <column name="special_rate" type="decimal(21,2)">
        <constraints nullable="false"/>
      </column>
      <column name="expiry" type="date">
        <constraints nullable="false"/>
      </column>

      <!-- Required Columns for Channel Record data -->
      <column name="status" type="varchar(255)">
        <constraints nullable="false"/>
      </column>
      <column name="created_by" type="varchar(255)">
        <constraints nullable="false"/>
      </column>
      <column name="created_on" type="datetime">
        <constraints nullable="false"/>
      </column>
      <column name="modified_by" type="varchar(255)">
        <constraints nullable="true"/>
      </column>
      <column name="modified_on" type="datetime">
        <constraints nullable="true"/>
      </column>
    </createTable>
  </changeSet>
</databaseChangeLog>
