<?xml version="1.0" encoding="utf-8"?>
<databaseChangeLog
    xmlns="http://www.liquibase.org/xml/ns/dbchangelog"
    xmlns:ext="http://www.liquibase.org/xml/ns/dbchangelog-ext"
    xmlns:xsi="http://www.w3.org/2001/XMLSchema-instance"
    xsi:schemaLocation="http://www.liquibase.org/xml/ns/dbchangelog http://www.liquibase.org/xml/ns/dbchangelog/dbchangelog-3.6.xsd
                        http://www.liquibase.org/xml/ns/dbchangelog-ext http://www.liquibase.org/xml/ns/dbchangelog/dbchangelog-ext.xsd">


    <!--
        Added the entity ZandMembership.
    -->
    <changeSet id="20200308141000-1" author="jhipster">
        <createTable tableName="zand_uam_membership" remarks="The table that contains the association of customer, user OR role.">
            <column name="id" type="bigint">
                <constraints primaryKey="true" nullable="false"/>
            </column>
            <column name="customer_id" type="bigint" remarks="The id of the customer in the zand_customer table.">
                <constraints nullable="false" />
            </column>
            <column name="user_id" type="bigint" remarks="The id of the user in the zand_user table.">
                <constraints nullable="true" />
            </column>
            <column name="role_id" type="bigint" remarks="The id of the role in the zand_role table.">
                <constraints nullable="true" />
            </column>
            <!-- jhipster-needle-liquibase-add-column - JHipster will add columns here, do not remove-->
        </createTable>
    </changeSet>

    <changeSet id="20200308141000-1-relations" author="jhipster">

    </changeSet>
</databaseChangeLog>
