<?xml version="1.0" encoding="utf-8"?>
<databaseChangeLog
        xmlns="http://www.liquibase.org/xml/ns/dbchangelog"
        xmlns:ext="http://www.liquibase.org/xml/ns/dbchangelog-ext"
        xmlns:xsi="http://www.w3.org/2001/XMLSchema-instance"
        xsi:schemaLocation="http://www.liquibase.org/xml/ns/dbchangelog http://www.liquibase.org/xml/ns/dbchangelog/dbchangelog-3.6.xsd
                        http://www.liquibase.org/xml/ns/dbchangelog-ext http://www.liquibase.org/xml/ns/dbchangelog/dbchangelog-ext.xsd">


  <!--
      Added the entity Beneficiary.
  -->
  <changeSet id="20200301113900-1" author="jhipster">
    <createTable tableName="beneficiary">
      <column name="id" type="bigint">
        <constraints primaryKey="true" nullable="false"/>
      </column>
      <column name="customer_key" type="${uuidType}">
        <constraints nullable="false"/>
      </column>
      <column name="name" type="varchar(255)">
        <constraints nullable="true"/>
      </column>
      <column name="from_account" type="varchar(255)">
        <constraints nullable="true"/>
      </column>
      <column name="payment_type" type="varchar(255)">
        <constraints nullable="false"/>
      </column>
      <column name="beneficiary_account_number" type="varchar(255)">
        <constraints nullable="true"/>
      </column>
      <column name="beneficiary_iban" type="varchar(255)">
        <constraints nullable="true"/>
      </column>
      <column name="beneficiary_status" type="varchar(255)">
        <constraints nullable="true"/>
      </column>
      <column name="bic" type="varchar(255)">
        <constraints nullable="true"/>
      </column>
      <column name="beneficiary_address" type="varchar(255)">
        <constraints nullable="true"/>
      </column>
      <column name="bank_name" type="varchar(255)">
        <constraints nullable="true"/>
      </column>
      <column name="bank_address" type="varchar(255)">
        <constraints nullable="true"/>
      </column>
      <column name="bank_country" type="varchar(255)">
        <constraints nullable="true"/>
      </column>
      <column name="email" type="varchar(255)">
        <constraints nullable="true"/>
      </column>
      <column name="other_reference_code" type="varchar(255)">
        <constraints nullable="true"/>
      </column>
      <column name="phone" type="varchar(255)">
        <constraints nullable="true"/>
      </column>
      <column name="created_by" type="varchar(255)">
        <constraints nullable="true"/>
      </column>
      <column name="created_on" type="datetime">
        <constraints nullable="true"/>
      </column>

      <!-- jhipster-needle-liquibase-add-column - JHipster will add columns here, do not remove-->
    </createTable>
  </changeSet>

  <changeSet id="20200301113900-1-relations" author="jhipster">

  </changeSet>
  <!-- jhipster-needle-liquibase-add-changeset - JHipster will add changesets here, do not remove-->

</databaseChangeLog>
