<?xml version="1.0" encoding="utf-8"?>
<databaseChangeLog
        xmlns="http://www.liquibase.org/xml/ns/dbchangelog"
        xmlns:xsi="http://www.w3.org/2001/XMLSchema-instance"
        xsi:schemaLocation="http://www.liquibase.org/xml/ns/dbchangelog http://www.liquibase.org/xml/ns/dbchangelog/dbchangelog-3.6.xsd">

  <changeSet id="20200615150100-1" author="jhipster">
    <createTable tableName="zand_payment_recall"
                 remarks="This represents a Recall Request created by the User of a Corporate.">

      <!-- Required Columns for Channel Transaction data -->
      <column name="id" type="bigint">
        <constraints primaryKey="true" nullable="false"/>
      </column>
      <column name="reference" type="${uuidType}">
        <constraints nullable="false" unique="true"/>
      </column>
      <column name="customer_key" type="${uuidType}">
        <constraints nullable="false"/>
      </column>
      <column name="version" type="bigint">
        <constraints nullable="false"/>
      </column>
      <column name="feature_code" type="varchar(255)">
        <constraints nullable="false"/>
      </column>

      <!-- Columns for Domain Specific Data -->
      <column name="payment_type" type="varchar(255)">
        <constraints nullable="false"/>
      </column>
      <column name="payment_reference" type="${uuidType}">
        <constraints nullable="false"/>
      </column>
      <column name="recall_reason" type="varchar(255)">
        <constraints nullable="false"/>
      </column>

      <!-- Required Columns for Channel Transaction data -->
      <column name="base_currency_amount" type="decimal(21,2)">
        <constraints nullable="false"/>
      </column>
      <column name="status" type="varchar(255)">
        <constraints nullable="false"/>
      </column>
      <column name="reject_reason" type="varchar(255)">
        <constraints nullable="true"/>
      </column>
      <column name="created_by" type="varchar(255)">
        <constraints nullable="false"/>
      </column>
      <column name="created_on" type="datetime">
        <constraints nullable="false"/>
      </column>
      <column name="approved_by" type="varchar(255)">
        <constraints nullable="true"/>
      </column>
      <column name="approved_on" type="datetime">
        <constraints nullable="true"/>
      </column>
      <column name="process_id" type="varchar(255)">
        <constraints nullable="true"/>
      </column>
    </createTable>
  </changeSet>
</databaseChangeLog>
