<?xml version="1.0" encoding="utf-8"?>
<databaseChangeLog
    xmlns="http://www.liquibase.org/xml/ns/dbchangelog"
    xmlns:ext="http://www.liquibase.org/xml/ns/dbchangelog-ext"
    xmlns:xsi="http://www.w3.org/2001/XMLSchema-instance"
    xsi:schemaLocation="http://www.liquibase.org/xml/ns/dbchangelog http://www.liquibase.org/xml/ns/dbchangelog/dbchangelog-3.8.xsd
                        http://www.liquibase.org/xml/ns/dbchangelog-ext http://www.liquibase.org/xml/ns/dbchangelog/dbchangelog-ext.xsd">


    <!--
        Added the entity ZandNotificationRecipient.
    -->
    <changeSet id="20200616103200-1" author="jhipster">
        <createTable tableName="zand_notification_recipient">
            <column name="id" type="bigint">
                <constraints primaryKey="true" nullable="false"/>
            </column>
            <column name="notification_id" type="bigint">
                <constraints nullable="false" />
            </column>
            <column name="customer_key" type="${uuidType}">
                <constraints nullable="false" />
            </column>
            <column name="user_id" type="varchar(255)">
                <constraints nullable="true" />
            </column>
            <column name="group_id" type="varchar(255)">
                <constraints nullable="true" />
            </column>
            <column name="is_read" type="integer">
                <constraints nullable="false" />
            </column>
            <!-- jhipster-needle-liquibase-add-column - JHipster will add columns here, do not remove-->
        </createTable>
    </changeSet>

    <changeSet id="20200616103200-1-relations" author="jhipster">

    </changeSet>
    <!-- jhipster-needle-liquibase-add-changeset - JHipster will add changesets here, do not remove-->
</databaseChangeLog>
