<?xml version="1.0" encoding="utf-8"?>
<databaseChangeLog
    xmlns="http://www.liquibase.org/xml/ns/dbchangelog"
    xmlns:ext="http://www.liquibase.org/xml/ns/dbchangelog-ext"
    xmlns:xsi="http://www.w3.org/2001/XMLSchema-instance"
    xsi:schemaLocation="http://www.liquibase.org/xml/ns/dbchangelog http://www.liquibase.org/xml/ns/dbchangelog/dbchangelog-3.6.xsd
                        http://www.liquibase.org/xml/ns/dbchangelog-ext http://www.liquibase.org/xml/ns/dbchangelog/dbchangelog-ext.xsd">


    <!--
        Added the entity ZandException.
    -->
    <changeSet id="20200308141600-1" author="jhipster">
        <createTable tableName="zand_uam_exception" remarks="Table that stores the information that for a given permissionFeatureExceptionId, the access\nis restricted the account with the corresponding id.">
            <column name="id" type="bigint">
                <constraints primaryKey="true" nullable="false"/>
            </column>
            <column name="account_id" type="bigint" remarks="The id of the account in the zand_bank_account table.">
                <constraints nullable="false" />
            </column>
            <column name="grant_id" type="bigint" remarks="The id of the grant in the zand_grant table.">
                <constraints nullable="false" />
            </column>
            <!-- jhipster-needle-liquibase-add-column - JHipster will add columns here, do not remove-->
        </createTable>
    </changeSet>

    <changeSet id="20200308141600-1-relations" author="jhipster">

    </changeSet>
</databaseChangeLog>
