<?xml version="1.0" encoding="utf-8"?>
<databaseChangeLog
    xmlns="http://www.liquibase.org/xml/ns/dbchangelog"
    xmlns:ext="http://www.liquibase.org/xml/ns/dbchangelog-ext"
    xmlns:xsi="http://www.w3.org/2001/XMLSchema-instance"
    xsi:schemaLocation="http://www.liquibase.org/xml/ns/dbchangelog http://www.liquibase.org/xml/ns/dbchangelog/dbchangelog-3.6.xsd
                        http://www.liquibase.org/xml/ns/dbchangelog-ext http://www.liquibase.org/xml/ns/dbchangelog/dbchangelog-ext.xsd">

    <!--
         Added the entity Drawdown Request.
     -->
    <changeSet id="20200502111000-1" author="jhipster">
        <createTable tableName="zand_drawdown_request" remarks="The table that holds all Drawdown Requests created by Customers.">
            <column name="id" type="bigint" autoIncrement="${autoIncrement}">
              <constraints primaryKey="true" nullable="false"/>
            </column>
            <column name="reference" type="${uuidType}">
              <constraints nullable="true" />
            </column>
            <column name="customer_key" type="${uuidType}">
              <constraints nullable="true" />
            </column>
            <column name="version" type="bigint">
              <constraints nullable="true" />
            </column>
            <column name="facility_id" type="varchar(255)">
              <constraints nullable="true" />
            </column>
            <column name="product_id" type="varchar(255)">
              <constraints nullable="true" />
            </column>
            <column name="amount" type="decimal(21,2)">
              <constraints nullable="true" />
            </column>
            <column name="facility_type" type="varchar(255)">
              <constraints nullable="true" />
            </column>
            <column name="rel_id" type="bigint">
              <constraints nullable="true" />
            </column>
            <column name="case_id" type="varchar(255)">
              <constraints nullable="true" />
            </column>
            <column name="currency" type="varchar(255)">
              <constraints nullable="true" />
            </column>


            <!--
               Loan fields
            -->
            <column name="tenor_code" type="varchar(255)">
              <constraints nullable="true" />
            </column>
            <column name="loan_tenor" type="varchar(255)">
              <constraints nullable="true" />
            </column>
            <column name="disbursment_account" type="varchar(255)">
              <constraints nullable="true" />
            </column>
            <column name="fees_recovery_account" type="varchar(255)">
              <constraints nullable="true" />
            </column>
            <column name="principle_repay_account" type="varchar(255)">
              <constraints nullable="true" />
            </column>
            <column name="interest_repay_account" type="varchar(255)">
              <constraints nullable="true" />
            </column>
            <column name="ppc_number" type="varchar(255)">
              <constraints nullable="true" />
            </column>
            <column name="ppc_date" type="date">
              <constraints nullable="true" />
            </column>
            <column name="repayment_Date" type="date">
              <constraints nullable="true" />
            </column>

            <!--
               Credit Program fields
            -->
            <column name="credit_program_cust_type" type="varchar(255)">
              <constraints nullable="true" />
            </column>
            <column name="supplier_cif_number" type="varchar(255)">
              <constraints nullable="true" />
            </column>
            <column name="buyer_cif_number" type="varchar(255)">
              <constraints nullable="true" />
            </column>
            <column name="account_number" type="varchar(255)">
              <constraints nullable="true" />
            </column>
            <column name="customer_name" type="varchar(255)">
              <constraints nullable="true" />
            </column>
            <column name="trade_license_number" type="varchar(255)">
              <constraints nullable="true" />
            </column>
            <column name="invoice_number" type="varchar(255)">
              <constraints nullable="true" />
            </column>
            <column name="invoice_amount" type="decimal(21,2)">
              <constraints nullable="true" />
            </column>
            <column name="invoice_tenor" type="integer">
              <constraints nullable="true" />
            </column>
            <column name="invoice_date" type="date">
              <constraints nullable="true" />
            </column>
            <column name="invoice_due_date" type="date">
              <constraints nullable="true" />
            </column>
            <column name="value_Date" type="date">
              <constraints nullable="true" />
            </column>
            <column name="margin" type="varchar(255)">
              <constraints nullable="true" />
            </column>
            <column name="cpp_id" type="varchar(255)">
              <constraints nullable="true" />
            </column>

             <!--
              Guarantee Fields
             -->
            <column name="open_close_ended" type="varchar(255)">
              <constraints nullable="true" />
            </column>
            <column name="guarantee_expiry_date" type="date">
              <constraints nullable="true" />
            </column>
            <column name="margin_deduct_account" type="varchar(255)">
              <constraints nullable="true" />
            </column>
            <column name="beneficiary_name" type="varchar(255)">
              <constraints nullable="true" />
            </column>
            <column name="beneficiary_trade_License_number" type="varchar(255)">
              <constraints nullable="true" />
            </column>
            <column name="beneficiary_address" type="varchar(255)">
              <constraints nullable="true" />
            </column>
            <column name="beneficiary_city" type="varchar(255)">
              <constraints nullable="true" />
            </column>
            <column name="beneficiary_state" type="varchar(255)">
              <constraints nullable="true" />
            </column>
            <column name="beneficiary_country" type="varchar(255)">
              <constraints nullable="true" />
            </column>
            <column name="guarantee_type" type="varchar(255)">
              <constraints nullable="true" />
            </column>
            <column name="core_reference" type="varchar(255)">
              <constraints nullable="true" />
            </column>
            <column name="guarantee_action" type="varchar(255)">
              <constraints nullable="true" />
            </column>

            <column name="purpose" type="varchar(255)">
              <constraints nullable="true" />
            </column>
            <column name="feature_code" type="varchar(255)">
              <constraints nullable="false"/>
            </column>
            <column name="status" type="varchar(255)">
              <constraints nullable="true" />
            </column>
            <column name="reject_reason" type="varchar(255)">
              <constraints nullable="true" />
            </column>
            <column name="created_by" type="varchar(255)">
              <constraints nullable="true" />
            </column>
            <column name="created_on" type="datetime">
              <constraints nullable="true" />
            </column>
            <column name="approved_by" type="varchar(255)">
              <constraints nullable="true" />
            </column>
            <column name="approved_on" type="datetime">
              <constraints nullable="true" />
            </column>
            <column name="process_id" type="varchar(255)">
              <constraints nullable="true" />
            </column>
          <!-- jhipster-needle-liquibase-add-column - JHipster will add columns here, do not remove-->
        </createTable>
    </changeSet>

    <changeSet id="20200502111000-1-relations" author="jhipster">

    </changeSet>

</databaseChangeLog>
