<?xml version="1.0" encoding="utf-8"?>
<databaseChangeLog
    xmlns="http://www.liquibase.org/xml/ns/dbchangelog"
    xmlns:ext="http://www.liquibase.org/xml/ns/dbchangelog-ext"
    xmlns:xsi="http://www.w3.org/2001/XMLSchema-instance"
    xsi:schemaLocation="http://www.liquibase.org/xml/ns/dbchangelog http://www.liquibase.org/xml/ns/dbchangelog/dbchangelog-3.6.xsd
                        http://www.liquibase.org/xml/ns/dbchangelog-ext http://www.liquibase.org/xml/ns/dbchangelog/dbchangelog-ext.xsd">

    <!--
        Added the entity CustomerOnboarding.
    -->
    <changeSet id="202006191400000-1" author="qlerebours">
        <createTable tableName="zand_customer_onboarding" remarks="Table that stores information about a customer when he fills the onboarding form.">
            <column name="id" type="bigint">
                <constraints primaryKey="true" nullable="false"/>
            </column>
            <column name="json_data" type="${clobType}" remarks="The customer onboarding data stored in json.">
                <constraints nullable="false" />
            </column>
            <column name="json_version" type="varchar(255)" remarks="The version of the json data.">
                <constraints nullable="false" />
            </column>
            <column name="status" type="varchar(255)" remarks="The current status of the onboarding.">
                <constraints nullable="false" />
            </column>
            <column name="customer_key" type="${uuidType}">
                <constraints nullable="false" unique="true" uniqueConstraintName="zand_customer_onboarding_customer_key" />
            </column>
            <!-- jhipster-needle-liquibase-add-column - JHipster will add columns here, do not remove-->
        </createTable>
    </changeSet>

    <changeSet id="202006191400000-1-relations" author="qlerebours">

    </changeSet>
</databaseChangeLog>
