<?xml version="1.0" encoding="utf-8"?>
<databaseChangeLog
    xmlns="http://www.liquibase.org/xml/ns/dbchangelog"
    xmlns:ext="http://www.liquibase.org/xml/ns/dbchangelog-ext"
    xmlns:xsi="http://www.w3.org/2001/XMLSchema-instance"
    xsi:schemaLocation="http://www.liquibase.org/xml/ns/dbchangelog http://www.liquibase.org/xml/ns/dbchangelog/dbchangelog-3.6.xsd
                        http://www.liquibase.org/xml/ns/dbchangelog-ext http://www.liquibase.org/xml/ns/dbchangelog/dbchangelog-ext.xsd">


    <!--
        Added the entity ZandBankAccount.
    -->
    <changeSet id="20200308141700-1" author="jhipster">
        <createTable tableName="zand_uam_bank_account" remarks="The table that stores minimal bank account information.">
            <column name="id" type="bigint">
                <constraints primaryKey="true" nullable="false"/>
            </column>
            <column name="number" type="bigint" remarks="The account number.">
                <constraints nullable="false" />
            </column>
            <column name="name" type="varchar(255)" remarks="The name of the bank account.">
                <constraints nullable="true" />
            </column>
            <column name="customer_id" type="bigint" remarks="The id of the customer owning this account.">
                <constraints nullable="false" />
            </column>
            <column name="type_code" type="varchar(255)" remarks="The type of the account.">
                <constraints nullable="true" />
            </column>
            <!-- jhipster-needle-liquibase-add-column - JHipster will add columns here, do not remove-->
        </createTable>
    </changeSet>

    <changeSet id="20200308141700-1-relations" author="jhipster">

    </changeSet>
</databaseChangeLog>
