<?xml version="1.0" encoding="utf-8"?>
<databaseChangeLog
        xmlns="http://www.liquibase.org/xml/ns/dbchangelog"
        xmlns:xsi="http://www.w3.org/2001/XMLSchema-instance"
        xsi:schemaLocation="http://www.liquibase.org/xml/ns/dbchangelog http://www.liquibase.org/xml/ns/dbchangelog/dbchangelog-3.6.xsd">

  <changeSet id="20200413201700-1" author="jhipster">
    <createTable tableName="zand_deposit_request"
                 remarks="This represents a Deposit Request created by the User of a Corporate.">

      <!-- Required Columns for Channel Transaction data -->
      <column name="id" type="bigint">
        <constraints primaryKey="true" nullable="false"/>
      </column>
      <column name="reference" type="${uuidType}">
        <constraints nullable="false"/>
      </column>
      <column name="customer_key" type="${uuidType}">
        <constraints nullable="false"/>
      </column>
      <column name="version" type="bigint">
        <constraints nullable="false"/>
      </column>
      <column name="feature_code" type="varchar(255)">
        <constraints nullable="false"/>
      </column>

      <!-- Columns for Domain Specific Data -->
      <column name="product_id" type="varchar(255)">
        <constraints nullable="false"/>
      </column>
      <column name="nominated_account" type="varchar(255)">
        <constraints nullable="false"/>
      </column>
      <column name="amount" type="decimal(21,2)">
        <constraints nullable="false"/>
      </column>
      <column name="currency" type="varchar(255)">
        <constraints nullable="false"/>
      </column>
      <column name="start_date" type="date">
        <constraints nullable="false"/>
      </column>
      <column name="maturity_date" type="date">
        <constraints nullable="false"/>
      </column>
      <column name="maturity_amount" type="decimal(21,2)">
        <constraints nullable="true"/>
      </column>
      <column name="number_of_days" type="bigint">
        <constraints nullable="false"/>
      </column>
      <column name="interest_rate" type="decimal(21,2)">
        <constraints nullable="false"/>
      </column>
      <column name="maturity_instruction" type="varchar(255)">
        <constraints nullable="false"/>
      </column>
      <column name="payment_period" type="varchar(255)">
        <constraints nullable="false"/>
      </column>
      <column name="deal_reference" type="${uuidType}">
        <constraints nullable="true"/>
      </column>
      <column name="remarks" type="varchar(255)">
        <constraints nullable="true"/>
      </column>
      <column name="deposit_account" type="varchar(255)">
        <constraints nullable="true"/>
      </column>
      <column name="receipt_id" type="varchar(255)">
        <constraints nullable="true"/>
      </column>

      <!-- Required Columns for Channel Transaction data -->
      <column name="base_currency_amount" type="decimal(21,2)">
        <constraints nullable="false"/>
      </column>
      <column name="status" type="varchar(255)">
        <constraints nullable="false"/>
      </column>
      <column name="reject_reason" type="varchar(255)">
        <constraints nullable="true"/>
      </column>
      <column name="created_by" type="varchar(255)">
        <constraints nullable="false"/>
      </column>
      <column name="created_on" type="datetime">
        <constraints nullable="false"/>
      </column>
      <column name="approved_by" type="varchar(255)">
        <constraints nullable="true"/>
      </column>
      <column name="approved_on" type="datetime">
        <constraints nullable="true"/>
      </column>
      <column name="process_id" type="varchar(255)">
        <constraints nullable="true"/>
      </column>
    </createTable>
  </changeSet>
</databaseChangeLog>
