<?xml version="1.0" encoding="utf-8"?>
<databaseChangeLog
        xmlns="http://www.liquibase.org/xml/ns/dbchangelog"
        xmlns:xsi="http://www.w3.org/2001/XMLSchema-instance"
        xsi:schemaLocation="http://www.liquibase.org/xml/ns/dbchangelog http://www.liquibase.org/xml/ns/dbchangelog/dbchangelog-3.6.xsd">

  <changeSet id="20200715105000-1" author="zouhair">

    <createTable tableName="zand_sweep_request"
                 remarks="The table that holds all Sweep Requests created by Customers.">

      <!-- Required Columns for Channel Transaction data -->
      <column name="id" type="bigint">
        <constraints primaryKey="true" nullable="false"/>
      </column>
      <column name="reference" type="${uuidType}">
        <constraints nullable="false"/>
      </column>
      <column name="customer_key" type="${uuidType}">
        <constraints nullable="false"/>
      </column>
      <column name="version" type="bigint">
        <constraints nullable="false"/>
      </column>
      <column name="feature_code" type="varchar(255)">
        <constraints nullable="false"/>
      </column>

      <!-- Columns for Domain Specific Data -->
      <column name="sweep_type" type="varchar(255)">
        <constraints nullable="false"/>
      </column>

      <column name="sweep_operation_type" type="varchar(255)">
        <constraints nullable="false"/>
      </column>
      <column name="amount" type="decimal(21,2)">
        <constraints nullable="true"/>
      </column>

      <column name="target_account_json" type="${clobType}">
        <constraints nullable="false" />
      </column>
      <column name="cover_accounts_json" type="${clobType}">
        <constraints nullable="false" />
      </column>

      <!-- Required Columns for Channel Transaction data -->
      <column name="status" type="varchar(255)">
        <constraints nullable="false"/>
      </column>
      <column name="reject_reason" type="varchar(255)">
        <constraints nullable="true"/>
      </column>
      <column name="created_by" type="varchar(255)">
        <constraints nullable="false"/>
      </column>
      <column name="created_on" type="datetime">
        <constraints nullable="false"/>
      </column>
      <column name="approved_by" type="varchar(255)">
        <constraints nullable="true"/>
      </column>
      <column name="approved_on" type="datetime">
        <constraints nullable="true"/>
      </column>
      <column name="process_id" type="varchar(255)">
        <constraints nullable="true"/>
      </column>
    </createTable>
  </changeSet>
</databaseChangeLog>
