<?xml version="1.0" encoding="utf-8"?>
<databaseChangeLog
    xmlns="http://www.liquibase.org/xml/ns/dbchangelog"
    xmlns:ext="http://www.liquibase.org/xml/ns/dbchangelog-ext"
    xmlns:xsi="http://www.w3.org/2001/XMLSchema-instance"
    xsi:schemaLocation="http://www.liquibase.org/xml/ns/dbchangelog http://www.liquibase.org/xml/ns/dbchangelog/dbchangelog-3.6.xsd
                        http://www.liquibase.org/xml/ns/dbchangelog-ext http://www.liquibase.org/xml/ns/dbchangelog/dbchangelog-ext.xsd">


    <!--
        Added the entity ZandGrant.
    -->
    <changeSet id="20200308141100-1" author="jhipster">
        <createTable tableName="zand_uam_grant" remarks="The table that contains the list of permissions for each feature for a given\n(customer, user) or (customer, role) couple.">
            <column name="id" type="bigint">
                <constraints primaryKey="true" nullable="false"/>
            </column>
            <column name="membership_id" type="bigint" remarks="The id of the ZandMembership entity in the zand_membership table.">
                <constraints nullable="false" />
            </column>
            <column name="feature" type="varchar(255)" remarks="The code of the feature in the zand_feature table.">
                <constraints nullable="false" />
            </column>
            <column name="permission" type="varchar(255)" remarks="The code of the permission in the zand_permission table.">
                <constraints nullable="false" />
            </column>
            <column name="has_exception" type="boolean" remarks="True if the feature and permission do apply to a subset of the data.\nIn that case, the subset is detailed in the zand_exception table.">
                <constraints nullable="false" />
            </column>
            <!-- jhipster-needle-liquibase-add-column - JHipster will add columns here, do not remove-->
        </createTable>
    </changeSet>

    <changeSet id="20200308141100-1-relations" author="jhipster">

    </changeSet>
</databaseChangeLog>
