<?xml version="1.0" encoding="utf-8"?>
<databaseChangeLog
        xmlns="http://www.liquibase.org/xml/ns/dbchangelog"
        xmlns:ext="http://www.liquibase.org/xml/ns/dbchangelog-ext"
        xmlns:xsi="http://www.w3.org/2001/XMLSchema-instance"
        xsi:schemaLocation="http://www.liquibase.org/xml/ns/dbchangelog http://www.liquibase.org/xml/ns/dbchangelog/dbchangelog-3.6.xsd
                        http://www.liquibase.org/xml/ns/dbchangelog-ext http://www.liquibase.org/xml/ns/dbchangelog/dbchangelog-ext.xsd">


  <!--
      Added the entity ZandBankAccountMetadata.
  -->
  <changeSet id="20200603101400-1" author="qlerebours">
    <createTable tableName="zand_nickname"
                 remarks="The table that stores nicknames, related to the entity that owns this nickname, username and customer.">
      <column name="id" type="bigint">
        <constraints primaryKey="true" nullable="false"/>
      </column>
      <column name="username" type="varchar(255)">
        <constraints nullable="false"/>
      </column>
      <column name="customer_key" type="${uuidType}">
        <constraints nullable="false"/>
      </column>
      <column name="entity_id" type="varchar(255)">
        <constraints nullable="false"/>
      </column>
      <column name="entity_type" type="varchar(255)">
        <constraints nullable="false"/>
      </column>
      <column name="nickname" type="varchar(255)">
        <constraints nullable="false"/>
      </column>
      <!-- jhipster-needle-liquibase-add-column - JHipster will add columns here, do not remove-->
    </createTable>
  </changeSet>

  <changeSet id="20200603101400-1-relations" author="jhipster">

  </changeSet>
</databaseChangeLog>
