<?xml version="1.0" encoding="utf-8"?>
<databaseChangeLog
    xmlns="http://www.liquibase.org/xml/ns/dbchangelog"
    xmlns:ext="http://www.liquibase.org/xml/ns/dbchangelog-ext"
    xmlns:xsi="http://www.w3.org/2001/XMLSchema-instance"
    xsi:schemaLocation="http://www.liquibase.org/xml/ns/dbchangelog http://www.liquibase.org/xml/ns/dbchangelog/dbchangelog-3.6.xsd
                        http://www.liquibase.org/xml/ns/dbchangelog-ext http://www.liquibase.org/xml/ns/dbchangelog/dbchangelog-ext.xsd">


    <!--
        Added the entity ZandCustomer.
    -->
    <changeSet id="20200308141400-1" author="jhipster">
        <createTable tableName="zand_uam_customer" remarks="Table that stores information about a customer and the parent-relationship it can have with\nother customer.">
            <column name="id" type="bigint">
                <constraints primaryKey="true" nullable="false"/>
            </column>
            <column name="name" type="varchar(255)" remarks="The name of the customer.">
                <constraints nullable="false" unique="true" uniqueConstraintName="ux_zand_uam_customer_name"/>
            </column>
            <column name="description" type="${clobType}" remarks="The description of the customer.">
                <constraints nullable="true" />
            </column>
            <column name="parent_id" type="bigint" remarks="The id of the parent ZandCustomer entity. Can be  null if no parent.">
                <constraints nullable="true" />
            </column>
            <column name="type" type="varchar(255)">
                <constraints nullable="true" />
            </column>
            <column name="key" type="${uuidType}">
                <constraints nullable="false" unique="true" uniqueConstraintName="ux_zand_uam_customer_key"/>
            </column>
            <!-- jhipster-needle-liquibase-add-column - JHipster will add columns here, do not remove-->
        </createTable>
    </changeSet>

    <changeSet id="20200308141400-1-relations" author="jhipster">

    </changeSet>
</databaseChangeLog>
