<?xml version="1.0" encoding="utf-8"?>
<databaseChangeLog
    xmlns="http://www.liquibase.org/xml/ns/dbchangelog"
    xmlns:ext="http://www.liquibase.org/xml/ns/dbchangelog-ext"
    xmlns:xsi="http://www.w3.org/2001/XMLSchema-instance"
    xsi:schemaLocation="http://www.liquibase.org/xml/ns/dbchangelog http://www.liquibase.org/xml/ns/dbchangelog/dbchangelog-3.6.xsd
                        http://www.liquibase.org/xml/ns/dbchangelog-ext http://www.liquibase.org/xml/ns/dbchangelog/dbchangelog-ext.xsd">


    <!--
        Added the entity ZandUserRole.
    -->
    <changeSet id="20200308140800-1" author="jhipster">
        <createTable tableName="zand_uam_user_role" remarks="The table that contains the mapping between users and roles to determine what\nroles a given user has.">
            <column name="id" type="bigint">
                <constraints primaryKey="true" nullable="false"/>
            </column>
            <column name="user_id" type="bigint" remarks="The id of the user in zand_user_table.">
                <constraints nullable="false" />
            </column>
            <column name="role_id" type="bigint" remarks="The id of the role in zand_role table.">
                <constraints nullable="false" />
            </column>
            <!-- jhipster-needle-liquibase-add-column - JHipster will add columns here, do not remove-->
        </createTable>
    </changeSet>

    <changeSet id="20200308140800-1-relations" author="jhipster">

    </changeSet>
</databaseChangeLog>
