<?xml version="1.0" encoding="utf-8"?>
<databaseChangeLog
        xmlns="http://www.liquibase.org/xml/ns/dbchangelog"
        xmlns:ext="http://www.liquibase.org/xml/ns/dbchangelog-ext"
        xmlns:xsi="http://www.w3.org/2001/XMLSchema-instance"
        xsi:schemaLocation="http://www.liquibase.org/xml/ns/dbchangelog http://www.liquibase.org/xml/ns/dbchangelog/dbchangelog-3.6.xsd
                        http://www.liquibase.org/xml/ns/dbchangelog-ext http://www.liquibase.org/xml/ns/dbchangelog/dbchangelog-ext.xsd">


  <!--
      Added the entity Rule.
  -->
  <changeSet id="20200128071143-1" author="jhipster">
    <createTable tableName="zand_rule">
      <column name="id" type="bigint">
        <constraints primaryKey="true" nullable="false"/>
      </column>
      <column name="customer_key" type="${uuidType}">
        <constraints nullable="false"/>
      </column>
      <column name="rule_key" type="${uuidType}">
        <constraints nullable="false" unique="true" uniqueConstraintName="ux_zand_rule_rule_key"/>
      </column>
      <column name="feature" type="varchar(255)">
        <constraints nullable="false"/>
      </column>
      <column name="rule" type="${clobType}">
        <constraints nullable="false"/>
      </column>
      <column name="format_version" type="varchar(255)">
        <constraints nullable="false"/>
      </column>
      <column name="attachment" type="${clobType}">
      </column>
      <column name="status" type="varchar(255)">
        <constraints nullable="false"/>
      </column>
      <!-- jhipster-needle-liquibase-add-column - JHipster will add columns here, do not remove-->
    </createTable>
  </changeSet>

  <changeSet id="20200128071143-1-relations" author="jhipster">
  </changeSet>
  <!-- jhipster-needle-liquibase-add-changeset - JHipster will add changesets here, do not remove-->

</databaseChangeLog>
