<?xml version="1.0" encoding="utf-8"?>
<databaseChangeLog
    xmlns="http://www.liquibase.org/xml/ns/dbchangelog"
    xmlns:xsi="http://www.w3.org/2001/XMLSchema-instance"
    xsi:schemaLocation="http://www.liquibase.org/xml/ns/dbchangelog http://www.liquibase.org/xml/ns/dbchangelog/dbchangelog-3.6.xsd">

    <property name="now" value="now()" dbms="h2"/>
    <property name="now" value="current_timestamp" dbms="postgresql"/>

    <property name="floatType" value="float4" dbms="postgresql, h2"/>
    <property name="floatType" value="float" dbms="mysql, oracle, mssql, mariadb"/>
    <property name="clobType" value="longvarchar" dbms="h2"/>
    <property name="clobType" value="clob" dbms="mysql, oracle, mssql, mariadb, postgresql"/>
    <property name="uuidType" value="uuid" dbms="h2, postgresql"/>

    <include file="config/liquibase/changelog/00000000000000_initial_schema.xml" relativeToChangelogFile="false"/>
    <include file="config/liquibase/changelog/20200128071143_added_entity_ZandRule.xml" relativeToChangelogFile="false"/>
    <include file="config/liquibase/changelog/20200216082700_added_entity_Payment.xml" relativeToChangelogFile="false"/>
    <include file="config/liquibase/changelog/20200301113900_added_entity_Beneficiary.xml" relativeToChangelogFile="false"/>
    <include file="config/liquibase/changelog/20200308140700_added_entity_ZandUser.xml" relativeToChangelogFile="false"/>
    <include file="config/liquibase/changelog/20200308140800_added_entity_ZandUserRole.xml" relativeToChangelogFile="false"/>
    <include file="config/liquibase/changelog/20200308140900_added_entity_ZandRole.xml" relativeToChangelogFile="false"/>
    <include file="config/liquibase/changelog/20200308141000_added_entity_ZandMembership.xml" relativeToChangelogFile="false"/>
    <include file="config/liquibase/changelog/20200308141100_added_entity_ZandGrant.xml" relativeToChangelogFile="false"/>
    <include file="config/liquibase/changelog/20200308141400_added_entity_ZandCustomer.xml" relativeToChangelogFile="false"/>
    <include file="config/liquibase/changelog/20200308141600_added_entity_ZandException.xml" relativeToChangelogFile="false"/>
    <include file="config/liquibase/changelog/20200308141700_added_entity_ZandBankAccount.xml" relativeToChangelogFile="false"/>
    <include file="config/liquibase/changelog/20200502111000_added_entity_ZandDrawdownRequest.xml" relativeToChangelogFile="false"/>
    <include file="config/liquibase/changelog/20200515111435_added_entity_ZandInvoiceQueue.xml" relativeToChangelogFile="false"/>
    <include file="config/liquibase/changelog/20200413201700_added_entity_DepositRequest.xml" relativeToChangelogFile="false"/>
    <include file="config/liquibase/changelog/20200420060100_added_entity_DepositWithdrawal.xml" relativeToChangelogFile="false"/>
    <include file="config/liquibase/changelog/20200507041000_added_entity_DepositDeal.xml" relativeToChangelogFile="false"/>
    <include file="config/liquibase/changelog/20200616103100_added_entity_ZandNotification.xml" relativeToChangelogFile="false"/>
    <include file="config/liquibase/changelog/20200616103200_added_entity_ZandNotificationRecipient.xml" relativeToChangelogFile="false"/>
    <include file="config/liquibase/changelog/20200603101400_added_entity_ZandNickname.xml" relativeToChangelogFile="false"/>
    <include file="config/liquibase/changelog/20200522173800_added_entity_FileAttachment.xml" relativeToChangelogFile="false"/>
    <include file="config/liquibase/changelog/20200615150100_added_entity_RecallPayment.xml" relativeToChangelogFile="false"/>
    <include file="config/liquibase/changelog/202006191400000_added_entity_CustomerOnboarding.xml" relativeToChangelogFile="false"/>
    <include file="config/liquibase/changelog/20200715105000_added_entity_Sweep_Request.xml" relativeToChangelogFile="false"/>
    <include file="config/liquibase/changelog/20200716131000_added_entity_StandingInstruction.xml" relativeToChangelogFile="false"/>

  <!-- jhipster-needle-liquibase-add-changelog - JHipster will add liquibase changelogs here -->
    <!-- jhipster-needle-liquibase-add-constraints-changelog - JHipster will add liquibase constraints changelogs here -->
</databaseChangeLog>
