{
  "generator-jhipster": {
    "promptValues": {
      "packageName": "com.zand",
      "nativeLanguage": "en"
    },
    "jhipsterVersion": "6.7.0",
    "applicationType": "monolith",
    "baseName": "portal",
    "packageName": "com.zand",
    "packageFolder": "com/zand",
    "serverPort": "8080",
    "authenticationType": "jwt",
    "cacheProvider": "ehcache",
    "enableHibernateCache": true,
    "websocket": false,
    "databaseType": "sql",
    "devDatabaseType": "h2Disk",
    "prodDatabaseType": "postgresql",
    "searchEngine": false,
    "messageBroker": false,
    "serviceDiscoveryType": false,
    "buildTool": "maven",
    "enableSwaggerCodegen": false,
    "jwtSecretKey": "OTNkMTFhMDk4NzAwYzBiNWYzOWRiNmIyYWIwZGUwZjIxMGY2ZTQ5ZTU0ZWM0YmFlZmUzMmU2NTc2NmI3OGQxNTcwMWYzZmM3YjAyY2ZkMjM1MGNjYTQzMGFiYTQ0OGFlNTg1NWE0MjBiNTcwOGFlZGQ2ZGU3OTkyNGM2YmYxNWI=",
    "embeddableLaunchScript": false,
    "useSass": true,
    "clientPackageManager": "npm",
    "skipClient": true,
    "creationTimestamp": 1580104899131,
    "testFrameworks": ["gatling", "cucumber", "protractor"],
    "jhiPrefix": "jhi",
    "entitySuffix": "",
    "dtoSuffix": "DTO",
    "otherModules": [],
    "enableTranslation": true,
    "nativeLanguage": "en",
    "languages": ["en", "ar-ly"],
    "blueprints": [],
    "azureSpringCloudAppName": "portal",
    "azureSpringCloudDeploymentType": "local"
  }
}
